City_ID,City,Country,Lat,Lng,Max Temp,Humidity,Cloudiness,Wind Speed,Current Description
0,Castro,BR,-24.7911,-50.0119,64.6,98,100,6.42,overcast clouds
1,Sao Filipe,CV,14.8961,-24.4956,72.09,70,99,12.08,overcast clouds
2,Mataura,NZ,-46.1927,168.8643,48.47,89,80,2.42,broken clouds
3,Kahului,US,20.8947,-156.47,69.06,82,0,4.61,clear sky
4,Aksarka,RU,66.5606,67.7975,-14.89,99,64,6.78,broken clouds
5,Nikitinskiy,RU,54.5845,86.0115,-5.64,100,97,3.74,overcast clouds
6,Dikson,RU,73.5069,80.5464,6.53,93,100,19.19,overcast clouds
7,Vaini,TO,-21.2,-175.2,82.24,79,94,18.99,overcast clouds
8,Port Elizabeth,ZA,-33.918,25.5701,74.1,68,75,19.57,broken clouds
9,Longyearbyen,SJ,78.2186,15.6401,12.04,62,0,13.8,clear sky
10,Padang,ID,-0.9492,100.3543,77.99,86,95,3.67,overcast clouds
11,La Ronge,CA,55.1001,-105.2842,-1.95,78,100,5.75,overcast clouds
12,Nikolskoye,RU,59.7035,30.7861,28.87,96,100,6.04,snow
13,Cape Town,ZA,-33.9258,18.4232,72.01,52,0,28.77,clear sky
14,Coquimbo,CL,-29.9533,-71.3436,67.73,68,20,13.8,few clouds
15,Chuy,UY,-33.6971,-53.4616,72.19,54,61,9.01,broken clouds
16,Yerbogachen,RU,61.2767,108.0108,-21.12,100,100,4.27,overcast clouds
17,Arraial Do Cabo,BR,-22.9661,-42.0278,85.96,74,40,9.22,scattered clouds
18,Ewa Beach,US,21.3156,-158.0072,71.69,87,0,3.0,clear sky
19,Veraval,IN,20.9,70.3667,69.6,49,1,4.29,clear sky
20,Georgetown,MY,5.4112,100.3354,83.89,86,20,0.0,few clouds
21,Thompson,CA,55.7435,-97.8558,-16.44,83,40,2.3,scattered clouds
22,Shache,CN,38.4167,77.2406,27.05,41,66,1.05,broken clouds
23,Upernavik,GL,72.7868,-56.1549,-4.36,67,100,9.35,overcast clouds
24,Hobart,AU,-42.8794,147.3294,62.46,86,100,9.22,overcast clouds
25,Nurota,UZ,40.5614,65.6886,39.29,78,98,27.96,overcast clouds
26,Cidreira,BR,-30.1811,-50.2056,74.34,57,83,12.5,broken clouds
27,Bayan,CN,46.0833,127.4,-2.79,96,64,8.41,broken clouds
28,Havelock,US,34.8791,-76.9013,45.99,60,20,3.0,few clouds
29,Aksay,RU,47.26,39.87,25.02,95,96,11.79,light snow
30,Tongliao,CN,43.6125,122.2653,9.41,85,3,8.03,clear sky
31,Sambava,MG,-14.2667,50.1667,78.44,79,26,12.64,scattered clouds
32,Madera,US,37.1666,-119.8343,61.97,53,67,3.49,broken clouds
33,Sioux Lookout,CA,50.1001,-91.917,-1.82,77,100,4.61,overcast clouds
34,Lorengau,PG,-2.0226,147.2712,82.06,78,71,9.69,broken clouds
35,Ushuaia,AR,-54.8,-68.3,56.82,76,100,3.44,overcast clouds
36,Avera,US,33.194,-82.5271,46.38,42,100,3.87,overcast clouds
37,Progreso,MX,21.2833,-89.6667,79.11,69,31,8.43,scattered clouds
38,Groningen,NL,53.25,6.75,44.02,83,100,1.01,overcast clouds
39,Kodiak,US,57.79,-152.4072,29.71,80,100,17.27,light snow
40,Berlevag,NO,70.8578,29.0864,30.15,55,40,13.8,scattered clouds
41,Gat,IL,31.61,34.7642,48.88,100,88,6.44,overcast clouds
42,Half Moon Bay,US,37.4636,-122.4286,56.89,68,0,6.91,clear sky
43,Kaitangata,NZ,-46.2817,169.8464,48.16,93,60,4.68,broken clouds
44,Zaysan,KZ,47.4667,84.8667,-5.26,85,79,3.36,broken clouds
45,Saint-Philippe,RE,-21.3585,55.7679,78.39,78,53,9.31,broken clouds
46,Baykit,RU,61.67,96.37,-15.59,100,100,1.36,overcast clouds
47,Bilma,NE,18.6853,12.9164,66.29,15,0,9.64,clear sky
48,Dingle,PH,10.9995,122.6711,75.65,88,91,5.26,overcast clouds
49,Povenets,RU,62.8487,34.8262,1.58,100,94,1.81,overcast clouds
50,Atuona,PF,-9.8,-139.0333,77.14,78,6,14.63,clear sky
51,Klaksvik,FO,62.2266,-6.589,47.32,91,100,28.32,overcast clouds
52,Busselton,AU,-33.65,115.3333,66.09,65,0,14.5,clear sky
53,Qaanaaq,GL,77.484,-69.3632,-11.99,68,90,7.92,overcast clouds
54,San Lorenzo,PY,-25.3333,-57.5333,86.94,52,75,11.99,broken clouds
55,Seoul,KR,37.5683,126.9778,24.4,55,0,6.91,clear sky
56,Baghdad,IQ,33.3406,44.4009,48.11,46,0,0.0,clear sky
57,Ponta Do Sol,PT,32.6667,-17.1,64.13,66,28,9.51,scattered clouds
58,New Norfolk,AU,-42.7826,147.0587,62.1,68,99,1.16,overcast clouds
59,Cherskiy,RU,68.75,161.3,-22.88,96,76,2.24,broken clouds
60,Rikitea,PF,-23.1203,-134.9692,77.49,77,100,17.76,light rain
61,Askiz,RU,53.1319,90.5264,-6.12,98,47,2.93,scattered clouds
62,Surskoye,RU,54.4821,46.7214,18.93,95,100,7.11,overcast clouds
63,Clyde River,CA,70.4692,-68.5914,-12.77,77,100,29.93,heavy snow
64,Ixtapa,MX,20.7,-105.2,81.68,36,72,3.74,broken clouds
65,Murashi,RU,59.3999,48.9615,6.4,97,100,7.23,overcast clouds
66,Hilo,US,19.7297,-155.09,69.24,77,14,5.99,few clouds
67,Mar Del Plata,AR,-38.0023,-57.5575,75.22,68,20,15.99,few clouds
68,Alamosa,US,37.4695,-105.87,17.11,100,0,0.0,clear sky
69,Kapitanivka,UA,48.9172,31.7167,31.91,92,98,13.8,overcast clouds
70,Laguna,US,38.421,-121.4238,56.08,90,0,0.0,clear sky
71,East London,ZA,-33.0153,27.9116,72.54,73,0,18.41,clear sky
72,Ayia Anna,CY,34.9399,33.4843,49.6,80,40,10.36,scattered clouds
73,Mahebourg,MU,-20.4081,57.7,80.89,78,75,4.61,broken clouds
74,Oktyabrskiy,RU,54.4815,53.471,11.52,96,100,3.09,overcast clouds
75,Avarua,CK,-21.2078,-159.775,77.05,88,20,2.3,few clouds
76,Santa Cruz,BO,-17.8,-63.1667,84.25,58,75,17.27,broken clouds
77,Punta Arenas,CL,-53.15,-70.9167,64.42,67,0,5.75,clear sky
78,Lumphat,KH,13.4878,106.9816,72.97,62,68,3.74,broken clouds
79,Port Augusta,AU,-32.5,137.7667,71.74,69,64,16.69,broken clouds
80,Yellowknife,CA,62.456,-114.3525,0.55,89,100,12.66,light snow
81,Talnakh,RU,69.4865,88.3972,4.21,88,100,14.2,overcast clouds
82,Nogliki,RU,51.8333,143.1667,-22.74,99,47,3.98,scattered clouds
83,Taltal,CL,-25.4,-70.4833,69.12,70,11,6.96,few clouds
84,Maurawan,IN,26.4333,80.8833,53.64,56,0,6.58,clear sky
85,Kruisfontein,ZA,-34.0033,24.7314,71.89,65,44,13.82,scattered clouds
86,Carutapera,BR,-1.195,-46.02,75.85,93,100,7.07,overcast clouds
87,Tuktoyaktuk,CA,69.4541,-133.0374,-20.2,69,0,13.8,clear sky
88,Isangel,VU,-19.55,169.2667,78.13,92,100,11.32,light rain
89,Nome,US,64.5011,-165.4064,-8.91,81,0,6.55,clear sky
90,Hasaki,JP,35.7333,140.8333,30.6,50,99,11.07,overcast clouds
91,Khatanga,RU,71.9667,102.5,-0.45,86,100,5.86,overcast clouds
92,Vestmannaeyjar,IS,63.4427,-20.2734,34.79,69,75,29.93,broken clouds
93,Puerto Ayacucho,VE,5.6639,-67.6236,89.38,24,39,8.97,scattered clouds
94,Hermanus,ZA,-34.4187,19.2345,73.9,65,2,14.36,clear sky
95,Albany,US,42.6001,-73.9662,32.27,60,100,2.95,overcast clouds
96,Kaseda,JP,31.4167,130.3167,50.34,60,99,13.56,overcast clouds
97,Khanpur,PK,28.6453,70.6567,61.63,16,0,6.17,clear sky
98,Alice Springs,AU,-23.7,133.8833,74.75,94,100,11.5,overcast clouds
99,Neijiang,CN,29.5835,105.0622,40.93,86,100,5.01,overcast clouds
100,Tailai,CN,46.3833,123.4,-0.98,81,3,7.54,clear sky
101,Praia,CV,14.9215,-23.5087,75.74,53,75,24.16,broken clouds
102,Cody,US,44.5263,-109.0565,37.58,53,0,0.0,clear sky
103,Burnie,AU,-41.0667,145.9167,60.94,87,9,6.13,clear sky
104,Agas,RO,46.4833,26.2167,34.66,83,44,11.74,scattered clouds
105,Sur,OM,22.5667,59.5289,70.79,55,0,3.13,clear sky
106,Mapiri,BO,-15.25,-68.1667,70.63,93,100,2.82,overcast clouds
107,Airai,TL,-8.9266,125.4092,59.79,90,100,3.27,overcast clouds
108,San Vicente,AR,-26.6167,-54.1333,67.41,85,100,5.41,overcast clouds
109,Jalu,LY,29.0331,21.5482,56.19,47,3,6.89,clear sky
110,Iqaluit,CA,63.7506,-68.5145,-4.27,76,100,3.0,light snow
111,Dunedin,NZ,-45.8742,170.5036,52.66,90,37,3.96,scattered clouds
112,Lagunas,PE,-5.2269,-75.6753,93.99,42,99,4.56,overcast clouds
113,Gao,ML,16.6362,1.637,81.1,10,1,15.79,clear sky
114,Nadym,RU,65.5333,72.5167,-1.37,95,94,9.19,overcast clouds
115,Pokhara,NP,28.2333,83.9833,45.93,73,43,3.58,scattered clouds
116,Oranjemund,NA,-28.55,16.4333,67.15,82,2,21.99,clear sky
117,Sangar,RU,63.9242,127.4739,-31.4,100,93,2.15,overcast clouds
118,Jamestown,US,42.097,-79.2353,23.09,60,100,3.0,overcast clouds
119,Luena,AO,-11.7833,19.9167,64.36,91,97,7.14,light rain
120,Mechanicsville,US,37.6088,-77.3733,43.34,49,100,1.01,overcast clouds
121,Jining,CN,35.405,116.5814,35.56,41,100,3.74,overcast clouds
122,Ambilobe,MG,-13.2,49.05,74.75,89,97,3.02,light rain
123,Naantali,FI,60.4674,22.0243,30.11,80,20,6.91,few clouds
124,Bambous Virieux,MU,-20.3428,57.7575,80.85,78,75,4.61,broken clouds
125,Ribeira Grande,PT,38.5167,-28.7,63.0,51,40,12.66,scattered clouds
126,The Valley,AI,18.217,-63.0578,81.1,65,40,13.8,scattered clouds
127,Itupiranga,BR,-5.1347,-49.3267,82.72,86,96,1.77,overcast clouds
128,Norman Wells,CA,65.282,-126.8329,-3.96,77,100,8.05,light snow
129,Mubi,NG,10.2676,13.2644,80.08,16,5,8.34,clear sky
130,Provideniya,RU,64.3833,-173.3,-1.93,98,25,2.19,scattered clouds
131,Valparaiso,CL,-33.0393,-71.6273,68.47,63,75,8.05,broken clouds
132,Smithers,CA,54.7804,-127.1743,19.72,79,100,3.44,overcast clouds
133,Bredasdorp,ZA,-34.5322,20.0403,70.92,53,7,11.5,clear sky
134,Tura,IN,25.5198,90.2201,50.59,56,1,2.98,clear sky
135,Klyuchi,RU,52.2667,79.1667,-2.07,96,59,6.6,broken clouds
136,Walvis Bay,NA,-22.9575,14.5053,72.55,56,0,16.11,clear sky
137,Tazovskiy,RU,67.4667,78.7,2.21,96,100,9.37,overcast clouds
138,Kuytun,RU,54.3419,101.5036,-17.34,100,96,2.42,overcast clouds
139,Sesimbra,PT,38.4445,-9.1015,65.26,55,1,9.22,clear sky
140,Andros Town,BS,24.7,-77.7667,76.96,65,92,11.97,overcast clouds
141,Estelle,US,29.8458,-90.1067,50.0,56,100,8.01,overcast clouds
142,Paamiut,GL,61.994,-49.6678,22.66,91,100,29.44,snow
143,Astorga,BR,-23.2325,-51.6656,75.43,93,100,5.35,overcast clouds
144,Embu,BR,-23.6489,-46.8522,78.35,78,99,6.31,overcast clouds
145,Tecoanapa,MX,16.5167,-98.75,83.26,58,0,4.72,clear sky
146,Luderitz,NA,-26.6481,15.1594,73.81,56,0,32.79,clear sky
147,Tasiilaq,GL,65.6145,-37.6368,7.34,62,2,5.28,clear sky
148,Alcaniz,ES,41.05,-0.1333,45.39,50,1,6.91,clear sky
149,Paragominas,BR,-2.9667,-47.4833,79.52,73,99,4.38,overcast clouds
150,Kristiansund,NO,63.1115,7.732,39.85,70,75,9.22,broken clouds
151,Puerto Ayora,EC,-0.7393,-90.3518,80.56,73,99,7.2,overcast clouds
152,Formosa,AR,-26.1775,-58.1781,87.78,42,40,14.97,scattered clouds
153,Salalah,OM,17.0151,54.0924,71.02,65,11,4.41,few clouds
154,Kalevala,RU,65.2,31.1667,3.11,99,96,2.8,overcast clouds
155,Mercedes,AR,-34.6515,-59.4307,79.52,38,0,5.53,clear sky
156,Severo-Kurilsk,RU,50.6789,156.125,22.93,71,100,33.42,overcast clouds
157,Tabou,CI,4.423,-7.3528,83.93,66,38,10.92,scattered clouds
158,Kharp,RU,66.8014,65.8081,-2.81,96,67,6.02,broken clouds
159,Constitucion,CL,-35.3333,-72.4167,67.95,67,53,10.2,broken clouds
160,Mindelo,CV,16.8901,-24.9804,74.75,53,75,24.16,broken clouds
161,Mogocha,RU,53.7333,119.7667,-7.64,94,100,3.67,overcast clouds
162,Samana,DO,19.2056,-69.3369,79.02,89,40,0.0,scattered clouds
163,Pittsfield,US,42.4501,-73.2454,32.0,68,100,1.99,overcast clouds
164,San Quintin,MX,30.4833,-115.95,63.12,37,95,1.52,overcast clouds
165,Podor,MR,16.6527,-14.9587,89.55,19,0,4.61,clear sky
166,Camana,PE,-16.6228,-72.7111,74.3,65,35,8.21,scattered clouds
167,Yining,CN,29.0361,114.5636,34.83,100,100,2.51,light snow
168,Waynesville,US,35.4887,-82.9887,42.64,69,100,3.0,overcast clouds
169,Mehamn,NO,71.0357,27.8492,30.11,59,40,10.36,scattered clouds
170,Dukat,RU,62.55,155.55,-0.76,98,100,7.31,overcast clouds
171,Dunmore Town,BS,25.5,-76.65,75.27,79,100,13.69,overcast clouds
172,Ryotsu,JP,38.0833,138.4333,35.91,54,73,15.37,broken clouds
173,Bethel,US,41.3712,-73.414,33.3,77,100,2.71,light snow
174,Mitsamiouli,KM,-11.3847,43.2844,82.69,78,20,5.75,few clouds
175,Hithadhoo,MV,-0.6,73.0833,81.23,61,49,7.74,scattered clouds
176,Ayia Galini,GR,35.1,24.6833,50.95,68,14,2.95,few clouds
177,Ilulissat,GL,69.2167,-51.1,11.08,57,100,14.2,overcast clouds
178,Hay River,CA,60.8156,-115.7999,12.18,85,100,3.44,snow
179,Pathein,MM,16.7833,94.7333,71.37,73,6,8.61,clear sky
180,Male,MV,4.1748,73.5089,82.35,61,75,9.22,broken clouds
181,Borogontsy,RU,62.6683,131.1683,-34.13,100,100,1.9,overcast clouds
182,Lata,PT,40.1629,-8.3327,63.01,44,0,5.35,clear sky
183,Chokurdakh,RU,70.6333,147.9167,-30.5,95,37,5.97,scattered clouds
184,Banamba,ML,13.55,-7.45,94.33,8,2,9.6,clear sky
185,Bluff,NZ,-46.6,168.3333,48.79,78,91,4.12,overcast clouds
186,Hamilton,US,39.1834,-84.5333,32.99,88,100,1.01,mist
187,Vila Do Maio,CV,15.1333,-23.2167,75.99,71,98,16.49,overcast clouds
188,Nanortalik,GL,60.1432,-45.2371,20.26,72,77,5.5,broken clouds
189,Bandarbeyla,SO,9.4942,50.8122,75.99,68,49,24.38,scattered clouds
190,Rio Grande,BR,-32.035,-52.0986,77.11,47,42,12.19,scattered clouds
191,Kapaa,US,22.0752,-159.319,70.84,73,7,0.72,clear sky
192,Barrow,US,71.2906,-156.7887,-21.44,98,47,14.05,scattered clouds
193,Sechura,PE,-5.5569,-80.8222,80.76,60,60,7.18,broken clouds
194,Kiruna,SE,67.8557,20.2251,11.32,79,40,5.75,scattered clouds
195,Naze,JP,28.3667,129.4833,57.0,76,100,9.1,overcast clouds
196,Innisfail,AU,-17.5333,146.0333,76.08,91,100,3.87,overcast clouds
197,Erzin,TR,36.9559,36.2,41.52,81,94,6.08,overcast clouds
198,Kalianget,ID,-7.05,113.9333,78.66,86,100,7.29,overcast clouds
199,Kostomuksha,RU,64.571,30.5767,2.37,100,95,3.0,overcast clouds
200,Chaman,PK,30.9236,66.4512,51.94,33,6,5.41,clear sky
201,Gorom-Gorom,BF,14.4439,-0.2361,86.32,12,4,12.46,clear sky
202,Ancud,CL,-41.8697,-73.8203,71.13,64,1,8.99,clear sky
203,Neryungri,RU,56.6709,124.6491,-3.21,90,100,14.61,overcast clouds
204,Saldanha,ZA,-33.0117,17.9442,73.45,74,0,26.26,clear sky
205,Leningradskiy,RU,69.3833,178.4167,-11.61,96,97,1.97,overcast clouds
206,Saskylakh,RU,71.9167,114.0833,1.47,88,100,6.44,overcast clouds
207,Muridke,PK,31.8025,74.2617,53.62,55,1,2.1,clear sky
208,Hami,CN,42.8,93.45,23.97,47,0,0.45,clear sky
209,Bilibino,RU,68.0546,166.4372,-10.46,98,70,4.23,broken clouds
210,Broome,US,42.2506,-75.833,29.37,78,100,5.01,mist
211,Porto Novo,BJ,6.4965,2.6036,87.62,43,37,9.86,scattered clouds
212,Shingu,JP,33.7333,135.9833,38.86,81,71,6.62,broken clouds
213,Malanje,AO,-9.5402,16.341,68.7,91,79,5.37,light rain
214,Tela,HN,15.7833,-87.45,85.08,83,40,9.22,scattered clouds
215,Amuntai,ID,-2.4177,115.2494,73.58,97,100,1.81,overcast clouds
216,Zhangye,CN,38.9342,100.4517,22.59,27,0,3.31,clear sky
217,Benguela,AO,-12.5763,13.4055,80.19,73,79,7.74,broken clouds
218,Lagoa,PT,39.05,-27.9833,57.94,60,89,11.65,overcast clouds
219,Visnes,NO,59.3556,5.2242,42.85,87,75,25.32,light intensity drizzle rain
220,Homer,US,59.6425,-151.5483,24.76,92,100,9.6,light snow
221,Amarillo,US,35.222,-101.8313,38.08,70,4,8.01,clear sky
222,Umm Lajj,SA,25.0213,37.2685,66.43,41,100,18.25,overcast clouds
223,Kanigoro,ID,-8.13,112.219,73.92,92,100,3.8,overcast clouds
224,Victoria,HK,22.2855,114.1577,66.18,88,84,1.99,broken clouds
225,Kavaratti,IN,10.5669,72.642,80.96,70,33,3.85,scattered clouds
226,Lebu,CL,-37.6167,-73.65,65.88,77,24,9.19,few clouds
227,Eyl,SO,7.9803,49.8164,75.27,68,66,22.1,broken clouds
228,Port Hardy,CA,50.6996,-127.4199,45.75,93,75,0.0,broken clouds
229,Praia Da Vitoria,PT,38.7333,-27.0667,61.05,88,20,12.06,few clouds
230,Saint-Francois,FR,46.4154,3.9054,35.67,93,100,3.44,overcast clouds
231,Bubaque,GW,11.2833,-15.8333,79.43,49,73,7.99,broken clouds
232,Celestun,MX,20.8667,-90.4,76.44,70,73,8.01,broken clouds
233,General Roca,AR,-39.0333,-67.5833,84.6,24,0,8.52,clear sky
234,Burley,US,42.5357,-113.7928,8.67,80,8,6.33,clear sky
235,Oakdale,US,44.963,-92.9649,6.67,69,100,3.0,overcast clouds
236,Takoradi,GH,4.8845,-1.7554,83.44,66,87,10.78,overcast clouds
237,Quatre Cocos,MU,-20.2078,57.7625,80.71,79,23,11.79,few clouds
238,Moose Factory,CA,51.2585,-80.6094,-13.0,70,20,12.66,few clouds
239,Narsaq,GL,60.9167,-46.05,12.92,67,86,9.51,overcast clouds
240,Nortelandia,BR,-14.4547,-56.8028,80.8,80,99,5.35,overcast clouds
241,Olafsvik,IS,64.8945,-23.7142,30.2,80,98,24.65,light snow
242,Sistranda,NO,63.7256,8.834,38.89,79,100,23.96,light rain
243,Geraldton,AU,-28.7667,114.6,74.12,78,9,5.75,clear sky
244,Mikhaylovskoye,RU,51.8239,79.7172,-2.94,96,29,6.51,scattered clouds
245,Marystown,CA,47.1666,-55.1483,29.86,100,98,1.01,overcast clouds
246,Faya,SA,18.3851,42.4509,59.11,71,9,5.5,clear sky
247,Karratha,AU,-20.7377,116.8463,79.72,70,5,16.49,clear sky
248,Carnarvon,AU,-24.8667,113.6333,73.47,88,0,5.75,clear sky
249,Kalaleh,IR,37.3807,55.4916,41.36,87,40,0.0,scattered clouds
250,Faanui,PF,-16.4833,-151.75,81.05,74,9,18.12,light rain
251,Taoudenni,ML,22.6783,-3.9836,82.51,10,77,12.39,broken clouds
252,Lompoc,US,34.6391,-120.4579,68.09,37,68,3.18,broken clouds
253,North Bend,US,43.4065,-124.2243,40.12,67,27,3.94,scattered clouds
254,Duartina,BR,-22.4144,-49.4039,85.35,54,98,8.48,overcast clouds
255,Torbay,CA,47.6666,-52.7314,25.29,80,75,11.5,broken clouds
256,Pangnirtung,CA,66.1451,-65.7125,-11.2,70,100,0.0,overcast clouds
257,Charleston,US,32.7766,-79.9309,48.02,43,100,5.01,overcast clouds
258,Byron Bay,AU,-28.65,153.6167,75.09,86,31,4.94,light rain
259,Novyy Urengoy,RU,66.0833,76.6333,3.27,97,97,6.93,overcast clouds
260,Aiquile,BO,-18.2041,-65.1807,67.95,62,97,6.78,overcast clouds
261,Cabedelo,BR,-6.9811,-34.8339,86.67,63,40,9.37,scattered clouds
262,Bay Roberts,CA,47.5999,-53.2648,26.06,69,84,7.0,broken clouds
263,Abashiri,JP,44.0213,144.2697,16.36,86,79,8.21,broken clouds
264,Bagotville,AU,-28.9833,153.4167,75.02,96,62,2.26,broken clouds
265,Vermillion,US,42.7794,-96.9292,20.07,43,16,4.18,few clouds
266,Killybegs,IE,54.6333,-8.45,51.51,87,99,21.63,overcast clouds
267,Sitka,US,57.0531,-135.33,39.92,95,100,7.11,light rain
268,Korla,CN,41.7597,86.1469,23.65,58,0,0.96,clear sky
269,Buala,SB,-8.145,159.5921,79.3,81,100,8.28,overcast clouds
270,Fort Nelson,CA,58.8053,-122.7002,0.66,99,97,2.44,overcast clouds
271,Adrar,MR,20.5022,-10.0711,85.33,7,90,9.1,overcast clouds
272,Butaritari,KI,3.0707,172.7902,81.66,79,28,17.31,light rain
273,Bengkulu,ID,-3.8004,102.2655,76.59,87,89,4.18,overcast clouds
274,Yakovlevo,RU,50.8603,36.4478,28.65,96,100,11.54,overcast clouds
275,Minas De Barroteran,MX,27.6333,-101.2833,44.13,48,100,16.06,overcast clouds
276,Colares,PT,38.7992,-9.4469,64.45,42,0,5.01,clear sky
277,Idrinskoye,RU,54.3708,92.1358,-9.65,100,94,2.62,overcast clouds
278,Limbang,MY,4.75,115.0,77.11,95,100,1.39,overcast clouds
279,Zyryanka,RU,65.75,150.85,-14.66,97,100,7.31,overcast clouds
280,Belorechensk,RU,44.76,39.87,32.72,84,51,7.36,broken clouds
281,Alofi,NU,-19.0595,-169.9187,82.26,75,18,16.64,few clouds
282,Spornoye,RU,50.8448,37.2913,28.42,97,100,13.73,snow
283,Cukai,MY,4.25,103.4167,75.33,83,7,4.9,clear sky
284,Uvinza,TZ,-5.1036,30.3911,68.32,90,100,1.7,overcast clouds
285,Kualakapuas,ID,-3.0091,114.3876,75.36,93,100,2.57,overcast clouds
286,Comodoro Rivadavia,AR,-45.8667,-67.5,66.06,77,75,12.66,broken clouds
287,Santa Cruz De Tenerife,ES,28.4682,-16.2546,67.71,73,20,3.0,few clouds
288,Okhotsk,RU,59.3833,143.3,8.96,78,100,19.06,overcast clouds
289,Hirara,JP,24.8,125.2833,68.05,87,100,15.75,overcast clouds
290,Tinskoy,RU,56.1525,96.9161,-10.71,100,89,2.19,overcast clouds
291,Namatanai,PG,-3.6667,152.4333,78.91,83,88,2.66,light rain
292,Los Llanos De Aridane,ES,28.6585,-17.9182,60.55,74,40,1.99,scattered clouds
293,Sola,VU,-13.8833,167.55,80.64,81,100,23.82,light rain
294,Grand Gaube,MU,-20.0064,57.6608,79.2,74,5,3.0,clear sky
295,Kaeo,NZ,-35.1,173.7833,66.33,77,56,11.61,broken clouds
296,Surt,LY,31.2089,16.5887,56.19,56,0,9.08,clear sky
297,Irmo,US,34.086,-81.1832,44.06,48,100,3.87,overcast clouds
298,Warah,PK,27.4481,67.7978,61.65,27,0,4.88,clear sky
299,Salaga,GH,8.5508,-0.5188,98.87,8,82,4.0,broken clouds
300,Almaznyy,RU,48.0448,40.045,23.14,96,98,13.96,snow
301,Nieuw Amsterdam,SR,5.8833,-55.0833,84.15,76,65,8.66,broken clouds
302,Tuatapere,NZ,-46.1333,167.6833,47.82,94,100,4.9,overcast clouds
303,Baruun-Urt,MN,46.6806,113.2792,-7.92,90,4,2.91,clear sky
304,Nhulunbuy,AU,-12.2333,136.7667,81.21,94,40,10.36,scattered clouds
305,Dakar,SN,14.6937,-17.4441,79.68,60,0,16.11,clear sky
306,Nizhnevartovsk,RU,60.9344,76.5531,3.22,92,0,6.71,clear sky
307,Nantucket,US,41.2835,-70.0995,38.14,68,100,6.44,overcast clouds
308,Port Moresby,PG,-9.4431,147.1797,76.23,87,90,5.17,overcast clouds
309,Port Alfred,ZA,-33.5906,26.891,71.56,75,48,15.03,light rain
310,Srednekolymsk,RU,67.45,153.6833,-16.91,94,99,3.53,overcast clouds
311,Urucara,BR,-2.5364,-57.76,85.42,67,82,3.71,moderate rain
312,Freeport,US,40.6576,-73.5832,35.53,75,90,1.01,haze
313,Tessalit,ML,20.1986,1.0114,77.99,9,5,9.95,clear sky
314,Tutoia,BR,-2.7619,-42.2744,74.91,90,100,11.86,overcast clouds
315,Zasheyek,RU,67.4066,32.5499,7.59,98,99,0.56,overcast clouds
316,Pevek,RU,69.7008,170.3133,-19.86,98,84,1.57,broken clouds
317,Aklavik,CA,68.2191,-135.0107,-18.4,76,0,4.61,clear sky
318,Nesebar,BG,42.7833,27.7333,42.22,76,41,9.4,scattered clouds
319,Sao Miguel Do Araguaia,BR,-13.275,-50.1628,79.11,80,100,6.22,overcast clouds
320,Hofn,IS,64.2539,-15.2082,35.62,44,20,19.57,few clouds
321,San Patricio,US,28.017,-97.5169,51.19,64,100,16.78,overcast clouds
322,Moroni,KM,-11.7022,43.2551,78.55,79,79,0.63,broken clouds
323,Islamkot,PK,24.6997,70.177,65.1,23,0,4.72,clear sky
324,Severnyy,RU,50.677,36.5532,28.44,93,100,11.18,snow
325,Shaunavon,CA,49.6501,-108.4181,24.33,69,100,12.19,overcast clouds
326,Kashi,CN,39.4547,75.9797,33.26,42,84,1.97,light snow
327,Amazar,RU,53.858,120.875,-7.56,94,98,3.76,overcast clouds
328,Besleney,RU,44.2405,41.7387,18.97,93,42,7.11,scattered clouds
329,Kendari,ID,-3.945,122.4989,76.53,90,99,2.84,overcast clouds
330,Otane,NZ,-39.8833,176.6333,51.01,90,74,1.48,broken clouds
331,Grindavik,IS,63.8424,-22.4338,30.67,69,75,31.07,broken clouds
332,Zholymbet,KZ,51.7433,71.7122,-1.1,88,100,3.02,overcast clouds
333,Aykhal,RU,66.0,111.5,-14.8,100,9,3.44,clear sky
334,Newport,GB,51.5877,-2.9984,49.98,93,100,10.07,overcast clouds
335,Manokwari,ID,-0.8667,134.0833,78.37,80,75,4.47,broken clouds
336,Ahuimanu,US,21.4447,-157.8378,71.46,84,3,1.9,clear sky
337,Wasilla,US,61.5814,-149.4394,25.29,82,100,1.01,overcast clouds
338,Turinskaya Sloboda,RU,57.6232,64.3858,-1.44,99,70,4.16,broken clouds
339,Batagay-Alyta,RU,67.8006,130.4114,-21.57,96,42,5.26,scattered clouds
340,Tomatlan,MX,19.9333,-105.25,82.94,35,92,3.36,overcast clouds
341,Garowe,SO,8.4054,48.4845,76.33,39,65,20.87,broken clouds
342,Lipin Bor,RU,60.2622,37.9763,18.63,95,100,8.39,light snow
343,Sinnamary,GF,5.3833,-52.95,79.02,81,49,8.99,scattered clouds
344,Ranong,TH,9.9658,98.6348,75.42,86,97,2.13,overcast clouds
345,Tilichiki,RU,60.4667,166.1,23.63,79,99,25.55,overcast clouds
346,Urengoy,RU,65.9667,78.3667,3.6,96,96,8.63,overcast clouds
347,Quthing,LS,-30.4,27.7003,65.19,76,90,5.41,overcast clouds
348,Rio Gallegos,AR,-51.6226,-69.2181,67.95,42,84,16.69,broken clouds
349,Dinan,FR,48.4167,-2.25,50.32,80,51,3.83,broken clouds
350,Gorodishche,RU,48.8045,44.4744,4.08,92,40,6.71,fog
351,Matamba,TZ,-8.9833,33.9667,57.4,96,100,3.49,moderate rain
352,Tabuk,PH,17.4189,121.4443,71.85,95,98,3.0,light rain
353,Sarakhs,IR,36.5449,61.1577,47.03,73,83,5.64,broken clouds
354,Goderich,CA,43.7501,-81.7165,12.56,72,50,11.5,scattered clouds
355,Ukiah,US,39.1502,-123.2078,56.03,55,100,2.91,overcast clouds
356,Puerto Penasco,MX,31.3167,-113.5333,60.91,19,20,4.0,few clouds
357,Hokitika,NZ,-42.7167,170.9667,55.08,85,77,3.18,broken clouds
358,Rundu,NA,-17.9333,19.7667,71.92,80,100,5.37,light rain
359,Guangyuan,CN,32.442,105.823,38.91,75,100,4.59,overcast clouds
360,Puro,PH,12.4841,123.3827,78.4,86,77,5.14,broken clouds
361,Lopandino,RU,52.4666,34.8163,30.13,97,98,10.29,light snow
362,Guilin,CN,25.2819,110.2864,38.34,85,100,9.57,overcast clouds
363,Soc Trang,VN,9.6033,105.98,73.36,88,89,5.12,overcast clouds
364,Teya,RU,60.3778,92.6267,-9.67,100,89,3.76,overcast clouds
365,Lekoni,GA,-1.5843,14.2591,89.33,35,69,2.33,broken clouds
366,Esperance,AU,-33.8667,121.9,62.44,82,0,14.99,clear sky
367,Ahipara,NZ,-35.1667,173.1667,59.52,84,31,8.28,scattered clouds
368,Merauke,ID,-8.4667,140.3333,81.19,83,100,10.6,overcast clouds
369,Catamarca,AR,-28.4696,-65.7852,83.77,44,52,1.99,broken clouds
370,Katsuura,JP,35.1333,140.3,43.2,69,90,10.38,overcast clouds
371,Jilin,CN,43.0,126.0,-5.55,100,16,2.75,few clouds
372,Gravdal,NO,68.1214,13.5031,26.49,54,40,4.61,scattered clouds
373,Gashua,NG,12.871,11.0482,76.23,19,14,14.07,few clouds
374,Moranbah,AU,-22.0016,148.0466,71.76,88,3,11.81,clear sky
375,Kifri,IQ,34.6959,44.9661,47.07,59,11,1.54,few clouds
376,Sasolburg,ZA,-26.8136,27.817,68.32,75,98,5.12,light rain
377,Pedasi,PA,7.5333,-80.0333,81.54,70,36,14.65,scattered clouds
378,Kirkland Lake,CA,48.1446,-80.0377,-22.97,80,53,4.07,broken clouds
379,Brawley,US,32.9787,-115.5303,62.02,17,68,4.38,broken clouds
380,Athens,GR,37.9795,23.7162,49.21,67,0,1.01,clear sky
381,Yermekeyevo,RU,54.0761,53.6712,14.67,91,100,5.39,overcast clouds
382,Trinidad,BO,-14.8333,-64.9,73.58,96,100,3.96,overcast clouds
383,Komsomolskiy,UZ,40.4272,71.7189,35.02,54,85,6.91,haze
384,Lasa,IT,46.6166,10.7002,42.71,89,43,8.3,scattered clouds
385,Kavieng,PG,-2.5744,150.7967,81.5,78,40,7.96,light rain
386,Haines Junction,CA,60.7522,-137.5108,19.08,97,100,0.13,light snow
387,Soria,ES,41.6667,-2.6667,42.35,37,0,3.65,clear sky
388,Salo,IT,45.6086,10.531,46.8,55,12,3.02,few clouds
389,Kununurra,AU,-15.7667,128.7333,76.98,100,100,0.0,overcast clouds
390,Port Blair,IN,11.6667,92.75,79.5,76,51,10.22,broken clouds
391,Lervik,GB,60.1545,-1.1494,46.4,93,100,35.46,overcast clouds
392,Villazon,BO,-22.0866,-65.5942,60.98,49,73,6.26,broken clouds
393,Honningsvag,NO,70.9821,25.9704,28.15,64,40,6.91,scattered clouds
394,Saint-Georges,GD,12.0564,-61.7485,80.04,64,2,10.92,clear sky
395,Salgar,CO,5.965,-75.9654,81.14,60,83,2.01,broken clouds
396,Caluquembe,AO,-13.7833,14.6833,64.53,89,100,1.7,moderate rain
397,Cap Malheureux,MU,-19.9842,57.6142,79.29,74,3,3.0,clear sky
398,Rawson,AR,-43.3002,-65.1023,81.45,46,15,13.11,few clouds
399,Wajima,JP,37.4,136.9,36.01,68,100,8.1,overcast clouds
400,Missoula,US,47.0166,-113.8009,20.28,74,74,2.15,broken clouds
401,Akyab,MM,20.15,92.9,65.64,55,49,15.3,scattered clouds
402,Ratnagiri,IN,16.9833,73.3,74.1,53,3,9.51,clear sky
403,Owando,CG,-0.4819,15.8999,85.91,31,21,3.51,few clouds
404,Zhizdra,RU,53.746,34.7395,32.14,98,97,6.2,light snow
405,Nyurba,RU,63.2842,118.3319,-13.07,97,17,5.84,few clouds
406,Kushiro,JP,42.975,144.3747,17.28,90,91,5.75,overcast clouds
407,Binga,ZW,-17.6203,27.3414,73.58,89,100,6.91,light rain
408,Krasnoselkup,RU,65.7,82.4667,3.56,95,100,13.62,overcast clouds
409,Fez,MA,34.0372,-4.9998,62.85,39,0,11.5,clear sky
410,Les Escoumins,CA,48.1111,-69.0236,1.65,78,100,9.66,overcast clouds
411,Namibe,AO,-15.1961,12.1522,73.96,80,87,11.12,overcast clouds
412,Nizhniy Kuranakh,RU,58.8353,125.4869,-9.45,100,100,4.36,overcast clouds
413,Hobyo,SO,5.3505,48.5268,77.49,70,52,20.78,broken clouds
414,Peyima,SL,8.7,-11.0333,95.43,18,30,4.81,scattered clouds
415,Port Macquarie,AU,-31.4333,152.9167,66.88,90,4,4.92,clear sky
416,Havre,FR,49.5833,0.3333,45.34,93,100,14.97,overcast clouds
417,Ndele,CF,8.4109,20.6473,80.92,17,7,5.3,clear sky
418,Guerrero Negro,MX,27.9769,-114.0611,64.87,35,35,2.44,scattered clouds
419,Zaragoza,ES,41.6561,-0.8773,54.05,42,0,5.01,clear sky
420,Iskateley,RU,67.6803,53.1512,8.06,93,100,9.71,overcast clouds
421,Maniitsoq,GL,65.4167,-52.9,20.66,80,100,32.19,light snow
422,Traverse City,US,44.7631,-85.6206,17.94,62,100,5.75,overcast clouds
423,Bulgan,MN,48.8125,103.5347,-8.1,96,39,3.71,scattered clouds
424,Portland,US,45.5234,-122.6762,40.6,72,20,3.0,few clouds
425,Sao Jose Da Coroa Grande,BR,-8.8978,-35.1478,84.0,65,75,12.95,broken clouds
426,Vyazma,RU,55.2104,34.2951,29.05,97,99,6.91,light snow
427,Dongfeng,CN,42.6403,125.5118,1.31,92,14,5.88,few clouds
428,Hambantota,LK,6.1241,81.1185,76.84,85,51,10.09,broken clouds
429,Abu Samrah,SY,35.3029,37.1841,41.83,87,98,2.77,overcast clouds
430,Dauriya,RU,49.9333,116.8667,-18.67,98,14,4.7,few clouds
431,Bereda,ES,43.2686,-7.5406,53.35,79,1,5.17,clear sky
432,Vao,NC,-22.6667,167.4833,78.98,82,100,21.5,light rain
433,Meulaboh,ID,4.1363,96.1285,79.7,83,70,2.75,broken clouds
434,Mazurivka,UA,49.2745,24.2123,35.87,89,100,21.32,overcast clouds
435,Cabo San Lucas,MX,22.8909,-109.9124,72.61,58,30,2.39,scattered clouds
436,Graham,US,47.0529,-122.2943,37.27,100,0,0.0,clear sky
437,Simao,CN,22.7886,100.9748,50.61,70,17,1.74,few clouds
438,Villaviciosa,ES,43.4813,-5.4357,51.01,89,0,7.94,clear sky
439,Tirumullaivasal,IN,11.2333,79.8333,78.28,72,97,14.65,overcast clouds
440,Husavik,IS,66.0449,-17.3389,26.55,85,45,18.52,light snow
441,Matamoros,MX,25.5333,-103.25,55.51,69,100,0.0,haze
442,Imbituba,BR,-28.24,-48.6703,71.49,80,100,5.77,light rain
443,Huarmey,PE,-10.0681,-78.1522,73.98,77,100,9.31,overcast clouds
444,Leeton,AU,-34.5667,146.4,72.9,88,100,9.78,light rain
445,Prado,BR,-17.3411,-39.2208,83.03,68,18,10.42,few clouds
446,Biskamzha,RU,53.4497,89.5272,-6.16,98,36,2.42,scattered clouds
447,Mount Gambier,AU,-37.8333,140.7667,62.51,94,100,9.22,overcast clouds
448,Pisco,PE,-13.7,-76.2167,73.02,78,0,8.05,clear sky
449,Atasu,KZ,48.6814,71.6433,8.2,76,71,10.04,broken clouds
450,Bara,NG,10.3744,10.7288,82.45,19,45,8.5,scattered clouds
451,Marsh Harbour,BS,26.5412,-77.0636,75.11,71,99,10.98,overcast clouds
452,Shihezi,CN,44.3,86.0333,-0.35,97,96,4.32,overcast clouds
453,Erenhot,CN,43.6475,111.9767,2.44,90,5,4.56,clear sky
454,Antalaha,MG,-14.9003,50.2788,75.49,78,23,10.31,few clouds
455,Shimanovsk,RU,52.0,127.7,-6.45,87,35,8.1,scattered clouds
456,Kosovska Mitrovica,XK,42.8833,20.8667,35.94,89,91,3.62,overcast clouds
457,Mopipi,BW,-21.1833,24.8833,80.4,57,100,10.22,overcast clouds
458,Shemonaikha,KZ,50.6328,81.9056,-6.9,95,9,3.0,clear sky
459,Molo,KE,-0.2479,35.7374,57.99,50,100,0.6,overcast clouds
460,Asau,RO,46.4333,26.4,39.4,73,41,14.85,scattered clouds
461,Sao Sebastiao,BR,-23.76,-45.4097,78.71,89,100,6.44,overcast clouds
462,Beisfjord,NO,68.3751,17.5988,17.65,96,99,3.78,overcast clouds
463,Balatonfured,HU,46.9619,17.8719,42.37,61,62,15.01,broken clouds
464,Gamba,GA,-2.65,10.0,78.87,76,38,5.66,scattered clouds
465,Okato,NZ,-39.2,173.8833,54.91,83,77,3.11,broken clouds
466,Dalbandin,PK,28.8947,64.4101,61.97,26,3,4.12,clear sky
467,Kirakira,SB,-10.4544,161.9205,79.59,87,100,10.65,moderate rain
468,Palmer,US,42.1584,-72.3287,34.84,52,100,1.01,overcast clouds
469,Camacupa,AO,-12.0167,17.4833,63.61,96,100,2.57,light rain
470,Legnica,PL,51.2101,16.1619,39.94,79,77,17.52,broken clouds
471,Vila Velha,BR,-20.3297,-40.2925,87.75,71,0,11.01,clear sky
472,Shenzhen,CN,22.5455,114.0683,66.07,96,97,5.53,overcast clouds
473,Kaspiyskiy,RU,45.3929,47.3707,28.26,72,35,7.96,scattered clouds
474,Casino,AU,-28.8667,153.05,67.95,94,53,0.0,broken clouds
475,Kholmogory,RU,64.2229,41.656,3.31,96,100,3.96,snow
476,Gorahun,SL,7.4661,-11.2375,94.78,32,72,8.77,broken clouds
477,Upington,ZA,-28.4478,21.2561,95.0,16,2,9.04,clear sky
478,Saint George,US,37.1041,-113.5841,42.35,41,0,3.0,clear sky
479,Bull Savanna,JM,17.8868,-77.5902,79.99,61,5,7.7,clear sky
480,Vanimo,PG,-2.6741,141.3028,77.38,88,95,3.56,overcast clouds
481,Chimoio,MZ,-19.1164,33.4833,69.8,91,70,0.96,light rain
482,Mayumba,GA,-3.432,10.6554,78.78,83,46,4.76,light rain
483,Manjacaze,MZ,-24.7117,33.8828,80.44,65,19,10.27,few clouds
484,Meridian,US,43.6121,-116.3915,21.34,77,0,1.01,clear sky
485,Leshukonskoye,RU,64.8989,45.7622,11.25,95,100,7.18,light snow
486,Coos Bay,US,43.3665,-124.2179,38.95,67,27,3.76,scattered clouds
487,Cockburn Town,TC,21.4612,-71.1419,77.97,68,14,7.16,few clouds
488,Mana,GF,5.6592,-53.7767,81.45,67,67,9.19,broken clouds
489,Seryshevo,RU,51.0933,128.3786,-22.34,99,54,5.14,broken clouds
490,Qaqortoq,GL,60.7167,-46.0333,12.7,72,77,9.8,broken clouds
491,Morehead,US,37.2711,-87.1764,39.15,65,100,3.0,overcast clouds
492,Muros,ES,42.7762,-9.0603,59.5,61,0,4.65,clear sky
493,San Cristobal,VE,7.7669,-72.225,77.18,40,77,2.17,broken clouds
494,Provost,CA,52.3501,-110.2683,16.56,79,84,5.99,broken clouds
495,Kiomboi,TZ,-4.2667,34.3667,67.24,70,86,3.02,overcast clouds
496,Te Horo,NZ,-40.8084,175.1233,55.08,76,88,3.15,overcast clouds
497,Abha,SA,18.2164,42.5053,55.65,82,20,6.91,few clouds
498,Baiyin,CN,36.5583,104.2081,18.21,82,7,1.43,clear sky
499,Ust-Nera,RU,64.5667,143.2,-10.75,95,100,1.86,overcast clouds
500,Bairiki,KI,1.3292,172.9752,80.6,83,20,5.75,few clouds
501,Aquiraz,BR,-3.9014,-38.3911,80.22,81,71,7.74,broken clouds
502,Cayenne,GF,4.9333,-52.3333,80.64,69,75,11.5,broken clouds
503,Puqi,CN,29.7167,113.8833,33.8,100,100,2.21,overcast clouds
504,Patiya,BD,22.2931,91.9762,54.55,62,9,5.59,clear sky
505,Coahuayana,MX,18.7333,-103.6833,85.48,39,30,3.87,scattered clouds
506,Tiznit,MA,29.5833,-9.5,62.42,30,0,36.17,clear sky
507,Xining,CN,36.6167,101.7667,12.07,82,39,1.1,scattered clouds
508,Yar-Sale,RU,66.8333,70.8333,-14.01,100,81,4.85,broken clouds
509,Pokrovka,KG,42.3414,78.0056,18.93,62,99,8.39,overcast clouds
510,Atakpame,TG,7.5333,1.1333,93.74,12,70,5.88,broken clouds
511,Tuni,IN,17.35,82.55,68.81,83,69,4.61,broken clouds
512,Jeremoabo,BR,-10.075,-38.4808,94.08,27,100,9.1,overcast clouds
513,Pauini,BR,-7.7136,-66.9764,81.43,89,95,2.82,overcast clouds
514,Brae,GB,60.3964,-1.353,46.31,93,100,34.31,overcast clouds
515,College,US,64.8569,-147.8028,6.75,58,100,16.11,light snow
516,Auki,SB,-8.7676,160.7034,76.87,88,100,4.7,light rain
517,Moron,AR,-34.6534,-58.6198,79.02,50,1,6.6,clear sky
518,Onega,RU,63.9061,38.1404,2.52,100,89,4.05,overcast clouds
519,Tahta,EG,26.7693,31.5021,52.59,38,0,8.61,clear sky
520,Ubatuba,BR,-23.4339,-45.0711,80.94,83,100,3.33,overcast clouds
521,Ca Mau,VN,9.1769,105.15,74.01,85,57,3.91,broken clouds
522,Waipawa,NZ,-41.4122,175.5153,52.43,78,98,4.14,light rain
523,High Level,CA,58.5169,-117.136,3.76,99,100,1.97,overcast clouds
524,Bam,IR,29.106,58.357,60.57,46,0,5.99,clear sky
525,Fortuna,US,40.5982,-124.1573,41.34,87,0,13.8,clear sky
526,Cullman,US,34.1748,-86.8436,44.04,52,75,8.05,broken clouds
527,Santa Rosa,PH,14.3122,121.1114,81.1,86,10,4.88,clear sky
528,Chicama,PE,-7.8447,-79.1469,68.54,65,99,8.86,overcast clouds
529,Manzhouli,CN,49.6,117.4333,-7.62,87,8,9.51,clear sky
530,Dungarpur,IN,23.8333,73.7167,61.03,25,0,4.92,clear sky
531,Yarmouth,US,41.7057,-70.2286,38.14,63,100,5.01,overcast clouds
532,Yerofey Pavlovich,RU,53.9667,121.9667,-5.55,91,86,4.61,overcast clouds
533,Vangaindrano,MG,-23.35,47.6,72.72,83,0,3.87,clear sky
534,Saint Anthony,US,45.0205,-93.218,7.34,67,0,3.0,clear sky
535,Nyagan,RU,62.1406,65.3936,-5.13,98,47,4.21,scattered clouds
536,Ngunguru,NZ,-35.6167,174.5,66.16,70,54,15.01,broken clouds
537,Orbetello,IT,42.4408,11.2196,51.8,72,25,7.65,scattered clouds
538,Tahe,CN,52.3333,124.7333,5.04,74,100,10.36,overcast clouds
539,Mount Isa,AU,-20.7333,139.5,74.97,100,100,8.05,overcast clouds
540,Saint-Leu,RE,-21.15,55.2833,77.86,77,88,10.51,overcast clouds
541,Itacare,BR,-14.2775,-38.9967,83.44,66,13,8.14,few clouds
542,Marawi,PH,7.9986,124.2928,67.64,91,67,2.86,broken clouds
543,Bolshaya Martynovka,RU,47.271,41.6679,19.89,93,73,8.61,broken clouds
544,Murom,RU,55.5656,42.0417,12.43,92,98,10.92,overcast clouds
545,Cikupa,ID,-6.2364,106.5083,79.36,83,100,4.59,light rain
546,Luyang,CN,27.6239,110.0989,33.06,98,100,2.68,snow
547,Tsiroanomandidy,MG,-18.7667,46.0333,72.82,71,43,2.86,scattered clouds
548,Cao Bang,VN,22.6667,106.25,63.37,96,98,3.06,overcast clouds
549,Digby,CA,44.6169,-65.7655,36.59,99,100,10.51,light rain
550,Eureka,US,40.8021,-124.1637,41.61,53,72,4.09,broken clouds
551,Lima,PE,-12.0432,-77.0282,76.14,79,0,1.99,clear sky
552,Hounde,BF,11.5,-3.5167,94.21,9,7,6.24,clear sky
553,Donaueschingen,DE,47.95,8.5,34.88,92,76,3.06,broken clouds
554,Yinchuan,CN,38.4681,106.2731,25.29,42,37,6.33,scattered clouds
555,Nizwa,OM,22.9333,57.5333,72.41,32,0,2.35,clear sky
556,Lahat,ID,-3.8,103.5333,72.86,96,100,1.7,overcast clouds
557,Lavrentiya,RU,65.5833,-171.0,-11.31,99,10,4.25,clear sky
558,Parobe,BR,-29.6286,-50.8347,80.26,55,80,7.0,broken clouds
559,Waki,JP,34.0667,134.15,45.01,79,96,5.95,overcast clouds
560,Ngozi,BI,-2.9075,29.8306,61.41,80,60,1.25,broken clouds
561,Bathsheba,BB,13.2167,-59.5167,78.75,70,51,14.16,broken clouds
562,Rock Sound,BS,24.9,-76.2,76.06,77,100,14.61,overcast clouds
563,Saint-Pierre,RE,-21.3393,55.4781,78.48,65,20,8.05,few clouds
564,Szirmabesenyo,HU,48.15,20.8,38.68,74,98,8.93,overcast clouds
565,Tiksi,RU,71.6872,128.8694,-3.66,97,100,7.67,overcast clouds
566,Villa Altagracia,DO,18.673,-70.171,85.51,45,0,5.3,clear sky
567,Ushumun,RU,52.7833,126.5333,-3.84,80,24,10.25,few clouds
568,Margate,GB,51.3813,1.3862,47.97,78,100,3.0,overcast clouds
569,Vardo,NO,70.3705,31.1107,28.15,100,100,4.61,snow
570,Tetouan,MA,35.5711,-5.3724,59.88,74,46,13.4,scattered clouds
571,Muravlenko,RU,63.7898,74.523,-0.98,99,93,9.44,overcast clouds
572,Gold Coast,AU,-28.0,153.4333,75.0,90,75,1.01,broken clouds
573,Unity,CA,52.4501,-109.1682,14.25,86,85,7.0,overcast clouds
574,Yashkul,RU,46.1711,45.3435,26.74,84,96,5.26,overcast clouds
575,Tonantins,BR,-2.8731,-67.8022,85.26,78,100,3.47,overcast clouds
576,Ville-Marie,CA,47.3335,-79.433,-22.0,82,96,1.41,overcast clouds
577,Omboue,GA,-1.5746,9.2618,80.76,76,53,6.67,broken clouds
578,Sao Joao Da Barra,BR,-21.6403,-41.0511,91.49,77,44,13.87,scattered clouds
579,Tateyama,JP,34.9833,139.8667,43.11,63,78,11.77,broken clouds
580,Inongo,CD,-1.95,18.2667,81.86,59,69,0.47,broken clouds
581,Itaueira,BR,-7.6033,-43.0256,80.33,67,94,2.77,light rain
582,Nishihara,JP,26.1842,127.7558,65.48,78,100,10.36,overcast clouds
583,Raudeberg,NO,61.9875,5.1352,37.96,92,100,10.0,light rain
584,Kieta,PG,-6.2167,155.6333,78.84,78,100,2.8,light rain
585,Caravelas,BR,-17.7125,-39.2481,86.27,57,18,10.18,few clouds
586,Totonicapan,GT,14.9167,-91.3667,61.79,34,0,2.33,clear sky
587,Mapiripan,CO,2.8892,-72.1256,95.95,22,87,11.61,overcast clouds
588,Ruteng,ID,-8.6136,120.4721,62.8,91,100,1.28,overcast clouds
589,Bikin,RU,46.8161,134.26,-5.01,93,97,5.12,overcast clouds
590,Madaoua,NE,14.073,5.96,80.38,13,5,14.18,clear sky
591,Manzanillo,CU,20.3433,-77.1167,84.47,45,0,5.82,clear sky
592,Xingyi,CN,24.1877,102.817,48.29,72,71,4.41,broken clouds
593,Baroy,PH,8.0269,123.7784,74.55,92,70,0.4,broken clouds
594,Pitimbu,BR,-7.4706,-34.8086,84.79,62,47,10.25,scattered clouds
595,Riyadh,SA,24.6877,46.7219,55.54,29,1,9.31,clear sky
596,Zhigansk,RU,66.7697,123.3711,-18.89,95,79,12.84,broken clouds
597,Mariental,NA,-24.6333,17.9667,90.05,24,58,10.13,broken clouds
598,Tran,BG,42.8353,22.6517,34.45,95,64,5.37,broken clouds
599,Harper,LR,4.375,-7.7169,83.64,67,80,12.26,broken clouds
600,Srandakan,ID,-7.9386,110.2506,76.3,87,97,3.47,overcast clouds
601,Mumford,GH,5.2618,-0.759,82.98,67,85,11.25,overcast clouds
602,Kushima,JP,31.4583,131.2333,50.63,72,89,6.85,overcast clouds
603,Aksu,CN,41.1231,80.2644,24.21,47,28,3.2,scattered clouds
604,Ventspils,LV,57.3894,21.5606,35.53,64,75,23.02,broken clouds
605,Dhekiajuli,IN,26.7,92.5,55.76,50,2,5.37,clear sky
606,Halifax,CA,44.6453,-63.5724,34.09,76,98,7.0,overcast clouds
607,Presidente Epitacio,BR,-21.7633,-52.1156,77.02,81,100,5.19,overcast clouds
608,Contamana,PE,-7.3333,-75.0167,95.29,38,100,6.35,overcast clouds
609,Ucluelet,CA,48.9329,-125.5528,38.08,88,81,7.7,broken clouds
610,Hodosa,RO,46.6333,24.8167,33.66,94,97,8.93,light snow
611,Semirom,IR,31.4167,51.5667,19.94,68,1,1.9,clear sky
612,Vila,PT,42.0304,-8.1588,52.68,56,0,4.63,clear sky
613,Luba,GQ,3.4568,8.5547,82.29,72,60,6.4,broken clouds
614,Ozernovskiy,RU,51.5,156.5167,23.56,81,100,29.26,light snow
615,Maceio,BR,-9.6658,-35.7353,87.24,66,75,13.8,broken clouds
616,Helena,US,46.5927,-112.0361,35.26,66,0,1.99,clear sky
617,Kloulklubed,PW,7.0419,134.2556,81.05,83,34,12.26,scattered clouds
618,Matara,LK,5.9485,80.5353,76.75,82,63,1.68,broken clouds
619,Aswan,EG,24.0934,32.907,55.31,32,27,11.21,scattered clouds
620,Markova,UA,48.6758,24.4138,33.39,95,100,11.54,snow
621,Gagino,RU,55.2314,45.0339,17.33,95,96,9.95,overcast clouds
622,Waddan,LY,29.1614,16.139,51.85,39,1,5.03,clear sky
623,Besikduzu,TR,41.052,39.2284,40.89,74,13,9.6,few clouds
624,Christchurch,NZ,-43.5333,172.6333,60.91,85,81,1.01,broken clouds
625,Naifaru,MV,5.4444,73.3657,81.64,67,12,18.21,few clouds
626,Ati,TD,13.2154,18.3353,74.64,15,15,10.98,few clouds
627,Pietroasa,RO,46.5833,22.55,34.72,98,100,3.78,snow
628,Rivadavia,AR,-33.1905,-68.4608,82.45,39,4,9.06,clear sky
629,Middelburg,ZA,-25.7751,29.4648,68.61,73,64,7.83,light rain
630,Bonoua,CI,5.2741,-3.595,85.62,61,48,10.54,scattered clouds
631,Villahermosa,MX,17.9833,-92.9167,77.07,80,100,0.0,overcast clouds
632,Wanaka,NZ,-44.7,169.15,50.85,85,39,5.14,scattered clouds
633,Entre Rios,BR,-11.9419,-38.0844,83.59,64,82,5.12,moderate rain
634,Shelburne,CA,44.0787,-80.2041,4.28,81,56,8.23,broken clouds
635,Hojai,IN,26.0,92.8667,60.69,59,50,2.39,scattered clouds
636,Jiangyou,CN,31.7667,104.7167,39.87,84,97,1.77,light rain
637,Najran,SA,17.4924,44.1277,64.65,18,0,5.93,clear sky
638,Eldorado,BR,-23.7869,-54.2836,75.07,82,87,6.17,overcast clouds
639,Honiara,SB,-9.4333,159.95,77.54,91,100,6.11,moderate rain
640,Havoysund,NO,70.9963,24.6622,28.63,62,100,7.78,light snow
641,Jacmel,HT,18.2342,-72.5347,85.84,62,7,7.72,clear sky
642,Cairns,AU,-16.9167,145.7667,75.07,97,100,11.5,light intensity shower rain
643,Launceston,AU,-41.45,147.1667,67.64,90,100,9.22,overcast clouds
644,Boden,SE,65.8252,21.6886,10.4,91,45,1.92,scattered clouds
645,Linares,CL,-35.85,-71.6,86.27,31,0,5.88,clear sky
646,Zhezkazgan,KZ,47.8043,67.7144,9.95,80,98,12.73,overcast clouds
647,Mareeba,AU,-17.0,145.4333,70.45,96,100,5.79,light rain
648,Pozzallo,IT,36.7305,14.8499,54.21,80,100,13.0,overcast clouds
649,Kajaani,FI,64.2273,27.7285,21.25,93,100,6.91,overcast clouds
650,Souillac,MU,-20.5167,57.5167,79.18,83,75,4.61,broken clouds
651,Codrington,AU,-38.2667,141.9667,61.48,93,19,10.25,few clouds
652,Gornopravdinsk,RU,60.05,69.9,-4.7,100,83,3.47,broken clouds
653,Vila Franca Do Campo,PT,37.7167,-25.4333,60.19,76,80,7.99,broken clouds
654,Acapulco,MX,16.8634,-99.8901,85.82,48,40,0.0,scattered clouds
655,Atikokan,CA,48.7555,-91.6216,1.38,84,96,6.04,overcast clouds
656,Vieques,PR,18.425,-65.8329,85.17,57,20,13.8,few clouds
657,Salinopolis,BR,-0.6136,-47.3561,76.55,87,100,5.46,overcast clouds
658,Maragogi,BR,-9.0122,-35.2225,84.02,65,83,13.62,broken clouds
659,Nemuro,JP,43.3236,145.575,26.29,85,96,8.19,overcast clouds
660,Belyy Yar,RU,53.6039,91.3903,-11.15,65,40,0.0,fog
661,Labuhan,ID,-6.8844,112.2051,78.12,85,100,6.04,moderate rain
662,Lexington,US,37.9887,-84.4777,32.95,77,100,6.91,mist
663,Panaba,MX,21.2833,-88.2667,81.7,54,19,8.05,few clouds
664,Anadyr,RU,64.75,177.4833,-11.88,100,100,2.13,overcast clouds
665,Poim,RU,53.0264,43.1872,7.54,97,90,8.72,overcast clouds
666,Moerai,PF,-22.4333,-151.3333,79.18,79,50,13.11,scattered clouds
667,Kodinsk,RU,58.6881,99.1844,-15.36,100,100,2.62,overcast clouds
668,Kalach-Na-Donu,RU,48.691,43.5264,4.32,100,46,4.72,scattered clouds
669,Beringovskiy,RU,63.05,179.3167,-6.88,94,83,3.13,broken clouds
670,Tahoua,NE,14.8888,5.2692,80.24,11,5,14.36,clear sky
671,Toora-Khem,RU,52.4675,96.11,-17.41,100,96,0.56,overcast clouds
672,Karachi,PK,24.9056,67.0822,62.42,67,0,5.75,smoke
673,Tazmalt,DZ,36.3868,4.3989,51.62,55,4,2.84,clear sky
674,Idritsa,RU,56.3316,28.8988,32.16,98,100,9.13,snow
675,Preobrazheniye,RU,42.9019,133.9064,14.81,62,44,13.02,scattered clouds
676,Henties Bay,NA,-22.116,14.2845,65.86,81,40,15.05,scattered clouds
677,Yulara,AU,-25.2406,130.9889,82.24,47,40,13.8,scattered clouds
678,Praya,CV,14.9215,-23.5087,73.94,56,75,18.41,broken clouds
679,Loikaw,MM,19.6742,97.2094,58.51,60,22,3.76,few clouds
680,Orange,US,33.7,-117.7675,66.15,24,75,4.0,broken clouds
681,Mantua,IT,45.1667,10.7833,47.75,66,8,1.74,clear sky
682,Puerto Escondido,MX,15.85,-97.0667,83.97,61,0,6.11,clear sky
683,Coxim,BR,-18.5067,-54.76,77.76,86,100,6.22,overcast clouds
684,Ardakan,IR,32.31,54.0175,48.58,21,0,14.2,clear sky
685,Bac Lieu,VN,9.285,105.7244,75.97,84,73,7.05,broken clouds
686,Iwaki,JP,37.05,140.8833,36.01,58,4,1.99,clear sky
687,Burlington,US,39.8835,-74.6413,36.7,70,75,3.0,broken clouds
688,Shubarkuduk,KZ,49.1447,56.4872,17.92,90,100,6.42,overcast clouds
689,Petropavlovsk-Kamchatskiy,RU,53.0452,158.6483,20.89,84,100,20.2,light snow
690,Abengourou,CI,6.7297,-3.4964,97.32,21,73,4.25,broken clouds
691,Bundaberg,AU,-24.85,152.35,69.22,91,61,4.0,broken clouds
692,Austin,US,30.2672,-97.7431,54.09,44,0,7.0,clear sky
693,Gorontalo,ID,0.5412,123.0595,74.23,95,54,3.62,broken clouds
694,Auka,HN,14.9333,-83.8333,82.29,83,89,2.24,overcast clouds
695,Phangnga,TH,8.4509,98.5298,80.64,83,41,2.28,scattered clouds
696,Indiaroba,BR,-11.5192,-37.5117,86.59,56,76,6.82,broken clouds
697,Uarini,BR,-2.99,-65.1083,89.55,93,100,1.21,light rain
698,Hervey Bay,AU,-25.2986,152.8535,69.04,75,30,11.56,scattered clouds
699,Sampit,ID,-2.5333,112.95,73.31,97,100,3.22,overcast clouds
700,Windhoek,NA,-22.5594,17.0832,77.7,38,84,17.9,broken clouds
701,Maizuru,JP,35.45,135.3333,35.96,92,100,1.48,overcast clouds
702,Oriximina,BR,-1.7656,-55.8661,85.08,65,71,3.42,broken clouds
703,Sakaiminato,JP,35.55,133.2333,44.17,73,100,9.6,overcast clouds
704,Liberal,US,37.0431,-100.921,39.34,48,0,11.5,clear sky
705,Nema,RU,57.5067,50.5011,11.34,97,98,5.77,overcast clouds
706,San Antero,CO,9.3741,-75.7589,85.96,60,26,7.25,scattered clouds
707,Kangaatsiaq,GL,68.3065,-53.4641,12.6,68,100,15.9,overcast clouds
708,Emba,KZ,48.8264,58.1442,14.95,89,100,6.04,overcast clouds
709,Sindi,IN,20.8,78.8667,56.28,30,2,2.82,clear sky
710,Volchanets,RU,42.9131,132.7469,15.69,71,53,11.48,broken clouds
711,Pak Phanang,TH,8.3511,100.202,78.33,80,79,3.38,broken clouds
712,Kambove,CD,-10.8764,26.5969,64.31,95,100,4.41,light rain
713,Dumka,IN,24.2667,87.25,58.01,58,0,5.37,clear sky
714,Lahad Datu,MY,5.0268,118.327,76.55,86,85,3.18,overcast clouds
715,Egvekinot,RU,66.3167,-179.1667,-4.94,91,28,3.24,scattered clouds
716,Izhma,RU,65.0083,53.9113,5.18,95,99,7.58,overcast clouds
717,Paita,PE,-5.0892,-81.1144,79.36,71,96,7.34,overcast clouds
718,Port Lincoln,AU,-34.7333,135.8667,65.62,85,16,15.59,few clouds
719,Guaruja,BR,-23.9931,-46.2564,82.89,26,99,1.01,overcast clouds
720,Paptalaya,HN,15.5,-84.3167,82.44,87,94,2.93,overcast clouds
721,Chagoda,RU,59.164,35.3285,21.6,96,100,5.88,light snow
722,Murdochville,CA,48.9583,-65.5006,16.14,63,83,5.1,broken clouds
723,Kryve Ozero,UA,47.9524,30.3493,31.86,90,85,13.38,overcast clouds
724,Touros,BR,-5.1989,-35.4608,79.7,61,60,7.65,broken clouds
725,Ketchikan,US,55.3422,-131.6461,44.58,100,100,17.27,moderate rain
726,Riachao Das Neves,BR,-11.7461,-44.91,82.49,62,15,5.46,few clouds
727,Morros,BR,-9.4467,-46.3003,82.74,62,96,2.62,overcast clouds
728,Basco,PH,20.4487,121.9702,78.69,87,98,23.04,overcast clouds
729,Pacific Grove,US,36.6177,-121.9166,60.28,48,0,1.99,clear sky
730,Manggar,ID,-2.8833,108.2667,78.8,80,100,6.8,overcast clouds
731,Lashio,MM,22.9333,97.75,50.05,77,6,2.59,clear sky
732,Mata,PT,40.683,-7.4592,56.61,50,0,6.17,clear sky
